index,token
0,<blank>
1,<si>
2,<unk>
3,<pad>
4,곳
5,ㅇ
6,ㅗ
7,ㄹ
8,다음
9,내리다
10,차내리다
11,ㄱ
12,ㅏ
13,도착
14,저기
15,ㄴ
16,가다
17,ㅣ
18,맞다
19,ㅅ
20,ㅜ
21,ㅓ
22,ㅁ
23,방법
24,지하철
25,실종
26,무엇
27,ㄷ
28,전
29,안되다
30,ㅈ
31,길
32,버스
33,여기
34,목적
35,잃어버리다
36,ㅐ
37,찾다
38,ㅂ
39,보다
40,ㅎ
41,카드
42,?
43,사용
44,없다
45,ㅡ
46,ㅊ
47,에어컨
48,ㅕ
49,고장
50,오케이
51,나사렛
52,샛길
53,택시
54,불량
55,신호등
56,잘
57,단말기터치
58,공항
59,확인
60,우회전
61,은행
62,불가능
63,명동
64,건너다
65,사거리
66,좌회전
67,자판기
68,돈
69,지름길
70,물품보관
71,경찰
72,송파
73,기차
74,병원
75,시청
76,죽다
77,시간
78,되다
79,갈아타다
80,종로
81,한국농아인협회
82,켜다
83,언덕
84,가능
85,곳곳
86,학교
87,119
88,청음회관
89,여의도
90,보건소
91,사라지다
92,서울대학교
93,ㅍ
94,차
95,손바닥찍다
96,서울농아인협회
97,서대문농아인복지관
98,맥도날드
99,백화점
100,이화여대
101,터널
102,군청
103,대로
104,육교
105,편지
106,아이
107,가방
108,파리바게트
109,영등포
110,끄다
111,스타벅스
112,이마트
113,빨리
114,난방
115,3
116,안
117,지갑
118,아파트
119,열쇠
120,우산
121,원하다
122,1호
123,있다
124,영수증
125,유턴
126,지금
127,ㅌ
128,ㅑ
129,핸드폰
130,서울역
131,접근
132,엘리베이터
133,ㅖ
134,ㅛ
135,트렁크열다
136,뒤
137,유리
138,다시
139,번호
140,고속터미널
141,물건
142,올리다
143,응급실
144,공기청정기
145,차밀리다
146,계단
147,따뜻하다
148,사진기
149,약
150,계산
151,9호
152,필요
153,도움받다
154,괜찮다
155,떨어지다
156,주차
157,편의점
158,다르다
159,시계
160,반지
161,노트북
162,알려주다
163,ㅔ
164,가깝다
165,문
166,알려받다
167,엉덩이
168,의자
169,얼마
170,급하다
171,고속
172,사다
173,짐
174,기다리다
175,쓰러지다
176,받다
177,안내하다
178,화장실
179,들어올리다
180,춥다
181,안내소
182,걷다
183,ㅠ
184,뼈곳
185,나
186,돈주다
187,지연되다
188,설명
189,알다
190,부르다
191,철로
192,몇호
193,지도
194,천안아산역
195,회의실
196,보청기
197,몇분
198,꺼지다
199,12
200,10분
201,만원
202,기본
203,충전
204,표
205,잘못하다
206,틀리다
207,서울
208,타다
209,나르다
210,좋다
211,어린이집
212,8호
213,첫차
214,남다
215,정기권
216,불편하다
217,문안열리다
218,안전벨트
219,교환하다
220,또
221,차두다
222,안경
223,결심
224,결점
225,어렵다
226,뻔뻔
227,막히다
228,근근이
229,함구
230,유구무언
231,얕보다
232,왼쪽
233,오른쪽
234,운전
235,천천히
236,당신
237,오천원
238,돈받다
239,딱
240,사람
241,국립박물관
242,아직
243,힘들다
244,잠깐
245,모르다
246,역무원
247,막차
248,아프다
249,틈
250,전화걸다
251,교통카드
252,천호
253,냄새
254,도와주다
255,꼿다
256,화나다
257,거지
258,의문
259,순식간
260,밉다
261,배려
262,때리다
263,뚱뚱하다
264,야단치다
265,초대
266,째려보다
267,자다
268,아하
269,맥없다
270,포기
271,욕하다
272,판박이
273,아부
274,내뱉다
275,봐주다
276,돕다
277,무례
278,격노
279,거만
280,폐업
281,무자비
282,대출
283,놀랍다
284,1회
285,1
286,5분
287,40분
288,1시
289,1시간
290,3시
291,12시
292,빌리다
293,주다
294,지불하다
295,ㅋ
296,약속
297,늦다
298,그남자
299,잘못
300,위험
301,항상
302,장애인복지카드
303,어린이교통카드
304,끝
305,2호
306,하나
307,오다오다
308,지하철오다
309,4사람
310,신분당
311,자전거
312,트렁크닫다
313,신분증
314,바꾸다
315,실수하다
316,발생하다
317,충분하다
318,문자보내다
319,문자받다
320,마포대교
321,잠실대교
322,횡단보도
323,강남
324,수고
325,대략
326,용산역
327,반대
328,어지럽다
329,배
330,차따라가다
331,미리
332,약수
333,3호
334,카페
335,옷가게
336,충분
337,분당
338,어떻게
339,신고
340,조심
341,5호
342,카톡보내다
343,해보다
344,주세요
345,그만
346,돈얼마
347,아니다
348,필요없다
349,심하다
350,눈
351,안타깝다
352,알아서
353,검사
354,회복
355,공식
356,음주운전
357,평가
358,일시불
359,복습
360,연구
361,경기도
362,불경
363,일요일
364,체온
365,갈색
366,직인
367,신기
368,고난이도
369,의미
370,맹세
371,세뇌
372,황소고집
373,무식
374,우유
375,뽐내다
376,적격
377,더디다
378,배고프다
379,대박
380,동상이몽
381,중구지부
382,중구수어통역센터
383,중구주민지원센터
384,서구지부
385,서구수어통역센터
386,서구주민지원센터
387,남자
388,달래다
389,집중
390,예민
391,살인
392,팔
393,서다
394,떨다
395,우습다
396,똑똑하다
397,전문
398,몸
399,못하다
400,일어나다
401,여자
402,싫다
403,귀엽다
404,불신
405,귀찮다
406,남녀
407,잠실
408,중독
409,사별
410,구조
411,상상
412,비상식적
413,위인
414,탕진
415,인색하다
416,기피하다
417,험담
418,솔직히
419,겸임
420,경남농아인협회
421,뜻밖
422,일출
423,일몰
424,십억
425,밤
426,후
427,추가
428,독특
429,당황
430,아기
431,ㄲ
432,위아래
433,신촌
434,한달
435,누적사용
436,내역
437,결승전
438,강요
439,퇴사
440,감옥
441,장마
442,하늘
443,견습
444,공범
445,담당
446,무덤덤
447,밀거래
448,난감하다
449,이천
450,순창군주민지원센터
451,뛰어나다
452,대물림
453,재량
454,끊다
455,유치하다
456,달변
457,해하다
458,형편없다
459,알아차리다
460,십
461,원래
462,휴학
463,교기
464,군산시청
465,들키다
466,의혹
467,표리부동
468,양자택일
469,대들다
470,무시하다
471,찔리다
472,제발
473,보이다
474,50분
475,첫째
476,말하다
477,말해주다
478,일정하다
479,중
480,지하위
481,보여주다
482,롯데월드
483,오늘
484,하루
485,만나다
486,반갑다
487,정도
488,표지판
489,위로올리다
490,까먹다
491,위쪼이다
492,이어폰
493,연착
494,확인증
495,혼자
496,방황
497,보관
498,이름
499,누구
500,왜
501,몇사람
502,안녕하세요
503,감사합니다
504,미안합니다
505,어디
506,고민
507,수어
508,남아
509,독신
510,발가락
511,슬프다
512,자극
513,어색하다
514,여아
515,외국인
516,영아
517,신사
518,뉴질랜드
519,나사렛대학교
520,장애인
521,열아홉번째
522,침착
523,성실
524,학교연혁
525,싫어하다
526,필기시험
527,병문안
528,낚시터
529,낚시대
530,당뇨병
531,독서
532,매표소
533,면역
534,감기
535,배드민턴
536,변비
537,불면증
538,불행
539,붕대
540,사위
541,설사
542,성병
543,방충
544,소화제
545,손녀
546,손자
547,수면제
548,수집가
549,여행지
550,예식장
551,올림픽경기
552,첫번째
553,운동경기
554,입원
555,재혼
556,진단서
557,축구장
558,치료
559,치료법
560,친아들
561,퇴원
562,한약
563,한약방
564,빈혈
565,화상
566,가래떡
567,고깃국
568,고추
569,고추가루
570,사골
571,배추국
572,꽈베기
573,벌꿀
574,꿀물
575,냄비
576,찬물
577,다과
578,지방경찰청장
579,된장찌게
580,돼지고기
581,두부
582,딸기
583,떡국
584,라면
585,막걸리
586,무
587,밥그릇
588,밥솥
589,보신탕
590,부엌
591,소불고기
592,비빔밥
593,사과
594,사이다
595,달다
596,소주
597,술잔
598,식당
599,쌀가루
600,냉커피
601,양식
602,위스키
603,술
604,용품
605,유리그릇
606,짬뽕
607,참외
608,칼국수
609,커피
610,콜라
611,콩가루
612,통조림
613,와인
614,백설기
615,가죽신
616,군복
617,포켓
618,양산
619,운동화
620,잠옷
621,이불
622,행거
623,월세
624,전세
625,치약
626,가수
627,체감
628,경고
629,경찰서
630,과장
631,관광버스
632,교수
633,교장
634,찻길
635,독일어
636,반환
637,동아리
638,디자이너
639,마을버스
640,구급차
641,개입하지않는다
642,사무
643,신입학
644,여객선
645,여행사
646,기차역
647,예술가
648,외국어
649,요리사
650,운동선수
651,퇴임
652,의사
653,이력서
654,자가용
655,재택근무
656,연령제한
657,주차장
658,채팅
659,출근
660,코치
661,터미널
662,근무
663,통역사
664,사직
665,판결
666,두번째
667,항공사
668,교통안전교육
669,화상채팅
670,회식
671,교통기본교육
672,후원
673,희생
674,간호사
675,교통법교육
676,계약금
677,고용
678,사업장
679,버스값
680,구직
681,논
682,대기업
683,사육장
684,압류
685,수입
686,신용카드
687,백수
688,아르바이트
689,주유소
690,집주인
691,한국은행
692,경찰청장
693,가정교육
694,고등학교
695,고등학생
696,교무실
697,개학
698,교실
699,교육자
700,국어학
701,낙제
702,예절
703,독서실
704,등교
705,맹학교
706,분필
707,상장
708,서점
709,학업
710,실습
711,여학교
712,여학생
713,연구소
714,연구실
715,예습
716,유학
717,의학
718,재학
719,학부모
720,학식
721,훈련
722,경북
723,남산
724,울릉도
725,울산
726,전남
727,청주
728,충북
729,충남
730,성경책
731,신학
732,장로교
733,축하
734,회개
735,소감
736,장난
737,장인
738,희생자
739,디자인
740,돌무덤
741,쇠기둥
742,동화책
743,목공예
744,문학
745,문화유산
746,음악가
747,예술
748,초상화
749,토기
750,흑백영화
751,공군
752,국왕
753,보건복지
754,고소
755,유권자
756,절도죄
757,수감자
758,총무
759,강
760,달빛
761,파도
762,가시나무
763,강아지
764,구렁이
765,까마귀
766,꽃씨
767,꽃잎
768,웃는척
769,흡연실
770,무궁화
771,밤나무
772,벚꽃
773,깃털
774,솔잎
775,소뿔
776,양털
777,연꽃
778,참새
779,어젯밤
780,최상급
781,공휴일
782,세번째
783,네번째
784,흙내음
785,금요일
786,급행
787,남부지방
788,식목일
789,방금
790,100만원
791,보라색
792,분홍조명
793,분혹색
794,얼굴이빨개지다
795,사춘기
796,3.1절
797,생년월일
798,수요일
799,10만원
800,어린이날
801,연말
802,예전
803,식전
804,월요일
805,자정
806,아까
807,진하기
808,검정머리
809,최대
810,최소
811,평일
812,한글날
813,현충일
814,화요일
815,황금색
816,흑백
817,흑색
818,임시협약
819,감금
820,탈춤
821,가위바위보
822,가족회의
823,간편
824,개명
825,신경쓰다
826,거북선
827,걸스카우트
828,회칙
829,경찰행정
830,고아원
831,고춧잎
832,황금기
833,골절
834,동거
835,과로
836,실수
837,회상
838,관습
839,대지
840,미치광이
841,환대
842,지도법
843,학습
844,교육과정
845,교육청
846,교사직무
847,교탁
848,구두액
849,수갑
850,조직도
851,국그릇
852,독립
853,군마
854,독재자
855,귀부인
856,상류층
857,불쌍
858,기혼
859,귀중품
860,길운
861,유언
862,내정
863,농인
864,결합을끊다
865,능력자
866,곰방대
867,답안지
868,채용자
869,대독
870,대필
871,대성공
872,세수대야
873,확정
874,회장
875,품격
876,도벽
877,돌기둥
878,돌다리
879,돌벽
880,뒷산
881,등록금
882,주문서
883,마구간
884,마술사
885,만취
886,실언
887,망아지
888,확약
889,먹
890,회원
891,명단
892,명마
893,무법자
894,무료교육
895,무의미
896,여배우
897,문잠그다
898,문제지
899,미신
900,미완성
901,미혼
902,밀서
903,밀작
904,발견
905,발언권
906,방식
907,화실
908,방음
909,방직
910,방직공장
911,정보차단
912,방도
913,위로
914,백일잔치
915,번거롭다
916,벌칙사항
917,소개
918,별거
919,환자실
920,병아리
921,보수교육
922,보건복지부
923,복지카드
924,희미
925,무자유
926,분담
927,무각오
928,비교연구
929,비인간적
930,예금
931,공석
932,완벽
933,속달
934,삐치다
935,사감
936,사냥꾼
937,면제
938,사모님
939,복사본
940,사생활
941,혈통
942,사립
943,친척
944,사용법
945,사진작가
946,과용
947,사립학교
948,사후
949,삭발
950,38선
951,상품
952,새알
953,색종이
954,학생생활기록부
955,후천적
956,서구식
957,헤드라이트
958,정벌
959,사납다
960,섬나라
961,직무대행
962,성인
963,연설문
964,성씨
965,성폭행
966,센티미터
967,소금물
968,소복
969,소화불량
970,송년회
971,쇄신
972,수영장
973,수재
974,수저통
975,숙련
976,야간경비
977,순금
978,순산
979,술값
980,술집
981,숨차다
982,일곱번째
983,습자
984,승마복
985,승패
986,시댁
987,시달리다
988,시차
989,시험감독
990,선별
991,신식
992,신체적장애
993,신통하다
994,실명
995,실생활
996,여덟번째
997,증거
998,실천
999,공개
1000,괴롭다
1001,논의
1002,쌀값
1003,아끼다
1004,고집
1005,통증
1006,악몽
1007,악습
1008,악영향
1009,악용
1010,나빠지다
1011,안경원
1012,안내원
1013,안위
1014,암살
1015,깜깜하다
1016,압정
1017,애국자
1018,안쓰럽다
1019,애착
1020,애처
1021,야구부
1022,건달
1023,약학
1024,얌전하다
1025,양계
1026,일임
1027,양서
1028,온순하다
1029,형식
1030,숙녀복
1031,양젖
1032,언약
1033,알록달록
1034,깎다
1035,여공
1036,여군
1037,여대생
1038,여성복
1039,여성학과
1040,여경
1041,여탕
1042,연애편지
1043,연초
1044,연패
1045,연합
1046,연하다
1047,영문법
1048,독보적
1049,일반직
1050,예정
1051,오리알
1052,오산
1053,순종
1054,완납
1055,완료
1056,완패
1057,왕족
1058,천황
1059,외상값
1060,외손녀
1061,외손자
1062,요강
1063,주요점
1064,사용처
1065,용사
1066,큰소리
1067,우물
1068,우승
1069,우승자
1070,아홉번째
1071,열번째
1072,열두번째
1073,위임
1074,유대인
1075,유전
1076,유조선
1077,은신처
1078,응접실
1079,정의
1080,회의록
1081,이의
1082,익명
1083,익사
1084,인력
1085,농부
1086,인사법
1087,인자
1088,인증
1089,인질
1090,일본인
1091,열세번째
1092,자막
1093,자살자
1094,자석
1095,경과실
1096,작명
1097,작업복
1098,장단점
1099,장려하다
1100,옷장
1101,장애인연금
1102,장애아동수당
1103,장애유형
1104,장애인기능경기대회
1105,장애인등에대한특수교육법
1106,장애인복지관
1107,장학
1108,재고
1109,재봉틀
1110,재청
1111,저명인사
1112,전기기술자
1113,전기세
1114,전쟁터
1115,전화번호
1116,절수
1117,틀림없다
1118,정신장애
1119,단전
1120,월초
1121,구두
1122,조간신문
1123,조회
1124,졸업장
1125,종소리
1126,종점
1127,주관
1128,주방장
1129,사고방식
1130,알코올중독
1131,준우승
1132,중매
1133,재임
1134,쥐덫
1135,확인서
1136,증원
1137,증인
1138,지급일
1139,총괄자
1140,지팡이
1141,직책
1142,진상
1143,진실
1144,징검다리
1145,가르다
1146,백석
1147,차멀미
1148,복잡하다
1149,참관
1150,차도
1151,쓸쓸하다
1152,천리
1153,천벌
1154,천연색
1155,철교
1156,철면피
1157,철모
1158,철문
1159,철판
1160,앞서가다
1161,제안
1162,청소당번
1163,청원
1164,청진기
1165,체납
1166,체취
1167,체험
1168,체험담
1169,초대권
1170,초라
1171,초면
1172,초산
1173,초혼
1174,촉진
1175,촛불
1176,총소리
1177,총회
1178,추남
1179,추녀
1180,추수
1181,출석
1182,부추기다
1183,풍성
1184,충성
1185,취객
1186,치과의사
1187,치료제
1188,친자
1189,카지노
1190,칼
1191,칼슘
1192,코코아
1193,콩기름
1194,콩밭
1195,콩잎
1196,군사혁명
1197,키다리
1198,킬로그램
1199,킬로미터
1200,탁구공
1201,탈영
1202,탈환
1203,독서광
1204,탐욕
1205,태극기
1206,총괄
1207,바래다
1208,수감
1209,특권
1210,특명
1211,특선
1212,건성건성
1213,여분
1214,소심
1215,쇼하다
1216,과시
1217,정성껏
1218,전심전력
1219,추출
1220,드러나다
1221,흠집
1222,계기
1223,걸핏하면
1224,독식
1225,물귀신
1226,촉박
1227,놓치다
1228,허탕
1229,혹시
1230,밤샘
1231,들어맞다
1232,복귀
1233,학수고대
1234,멀다
1235,오래도록
1236,결사
1237,진수성찬
1238,입맛에맞지않다
1239,과음
1240,주정뱅이
1241,타이트하다
1242,칩거
1243,저택
1244,궁핍하다
1245,쓰다
1246,옛것
1247,수북하다
1248,녹초
1249,진땀나다
1250,마르다
1251,불면
1252,뙤약볕
1253,못견디다
1254,안심
1255,이심전심
1256,유명무실
1257,소식
1258,겹치다
1259,첩첩산중
1260,일자무식
1261,싫증나다
1262,일석이조
1263,자승자박
1264,궁지
1265,찰나
1266,이미
1267,수포
1268,기세등등
1269,공교롭다
1270,보복
1271,남몰래
1272,얻어먹다
1273,속다
1274,서울특별시농아인협회
1275,서울특별시수어통역센터
1276,서울시청
1277,강남구지부
1278,강남구수어통역센터
1279,강동구지부
1280,강동구수어통역센터
1281,강동구주민지원센터
1282,강북구지부
1283,강북구수어통역센터
1284,강북구주민지원센터
1285,강서구지부
1286,강서구수어통역센터
1287,강서구주민지원센터
1288,관악구지부
1289,관악구수어통역센터
1290,관악구주민지원센터
1291,광진구지부
1292,광진구수어통역센터
1293,구로구지부
1294,구로구수어통역센터
1295,구로구주민지원센터
1296,금천구지부
1297,금천구수어통역센터
1298,노원구지부
1299,노원구수어통역센터
1300,노원구주민지원센터
1301,도봉구지부
1302,도봉구수어통역센터
1303,도봉구주민지원센터
1304,동대문구지부
1305,동대문구수어통역센터
1306,동대문구주민지원센터
1307,동작구지부
1308,동작구수어통역센터
1309,동작구주민지원센터
1310,마포구지부
1311,마포구수어통역센터
1312,마포구주민지원센터
1313,서대문구지부
1314,서대문구수어통역센터
1315,서대문구주민지원센터
1316,서초구수어통역센터
1317,서초구주민지원센터
1318,성동구지부
1319,성동구수어통역센터
1320,성동구주민지원센터
1321,성북구지부
1322,성북구수어통역센터
1323,성북구주민지원센터
1324,송파구지부
1325,송파구수어통역센터
1326,송파구주민지원센터
1327,양천구지부
1328,양천구수어통역센터
1329,양천구주민지원센터
1330,영등포구지부
1331,영등포구수어통역센터
1332,영등포구주민지원센터
1333,용산구지부
1334,용산구수어통역센터
1335,용산구주민지원센터
1336,은평구지부
1337,은평구수어통역센터
1338,은평구주민지원센터
1339,종로구지부
1340,종로구수어통역센터
1341,종로구주민지원센터
1342,중랑구지부
1343,중랑구수어통역센터
1344,중랑구주민지원센터
1345,부산광역시농아인협회
1346,금정구지부
1347,금정구수어통역센터
1348,금정구주민지원센터
1349,북구지부
1350,북구수어통역센터
1351,북구주민지원센터
1352,사하구지부
1353,사하구수어통역센터
1354,사하구주민지원센터
1355,수영구지부
1356,수영구수어통역센터
1357,수영구주민지원센터
1358,어쩔 수 없다
1359,대구광역시농아인협회
1360,달서구지부
1361,달서구수어통역센터
1362,가렵다
1363,답답
1364,설거지
1365,마음
1366,잊다
1367,미남
1368,징그럽다
1369,던지다
1370,미녀
1371,쌍둥이
1372,건강
1373,어리석다
1374,나이
1375,자랑
1376,흰
1377,기막히다
1378,불안
1379,자존심
1380,기분
1381,미치다
1382,처녀
1383,잘하다
1384,무섭다
1385,빠르다
1386,기술
1387,눕다
1388,믿다
1389,마지막
1390,듣다
1391,생각
1392,예쁘다
1393,인상
1394,오다
1395,적극
1396,섭섭하다
1397,오줌
1398,깨끗하다
1399,못생기다
1400,나쁘다
1401,피곤하다
1402,한숨
1403,등산
1404,젊다
1405,창백
1406,자유
1407,종아리맞다
1408,성급
1409,바르다
1410,행복
1411,깨물다
1412,때문
1413,평안
1414,챔피언
1415,안다
1416,솔직
1417,꼬마
1418,바보
1419,혀
1420,열심
1421,꿇다
1422,차분
1423,두배
1424,실망
1425,욕심
1426,훌륭
1427,배부르다
1428,죄송
1429,추억
1430,변덕
1431,친구
1432,이해
1433,흔들리다
1434,얼굴
1435,지겹다
1436,낳다
1437,망설이다
1438,창피
1439,친하다
1440,희망
1441,하산
1442,냄새맡다
1443,부럽다
1444,행동
1445,매력
1446,웃다
1447,손
1448,너그럽다
1449,유식
1450,질투
1451,나누다
1452,쉽다
1453,의심
1454,코
1455,이것
1456,짓밟다
1457,콧물
1458,놀라다
1459,머리카락
1460,졸리다
1461,잠자다
1462,뺨맞다
1463,이상
1464,머리
1465,몰리다
1466,우울
1467,후회
1468,두근거리다
1469,짜증
1470,인격
1471,착각
1472,훑어보다
1473,느낌
1474,참다
1475,턱
1476,늙다
1477,소극적
1478,털
1479,까다롭다
1480,책임
1481,기름
1482,부드럽다
1483,뽀뽀
1484,달리다
1485,임신
1486,입
1487,총각
1488,날씬
1489,재산
1490,다행
1491,갈등
1492,기대
1493,감동
1494,감사
1495,무리
1496,걱정
1497,게으르다
1498,겨드랑이
1499,겸손
1500,무시
1501,시원하다
1502,기억
1503,부족
1504,두명
1505,세명
1506,네명
1507,다섯명
1508,여섯명
1509,일곱명
1510,여덟명
1511,아홉명
1512,열명
1513,인터체인지
1514,세쌍둥이
1515,네쌍둥이
1516,검정
1517,빨강
1518,노랑
1519,초록
1520,파랑
1521,충혈
1522,무지개
1523,분홍
1524,회색
1525,차량번호판
1526,느리다
1527,전자기기
1528,간단하다
1529,사기
1530,너
1531,저
1532,너희
1533,세배
1534,네배
1535,다섯배
1536,여섯배
1537,일곱배
1538,여덟배
1539,아홉배
1540,열배
1541,귀
1542,눈썹
1543,치아
1544,이마
1545,볼
1546,목
1547,덥다
1548,미소
1549,충무로
1550,종각
1551,이화여자대학교
1552,종로3가
1553,종로5가
1554,을지로
1555,을지로3가
1556,을지로4가
1557,삼성
1558,강남구청
1559,강북
1560,강서
1561,까치산
1562,발산
1563,김포
1564,양천
1565,공항시장
1566,관악
1567,아차산
1568,어린이대공원
1569,금천
1570,독산
1571,금천구청
1572,노원
1573,도봉산
1574,청량리
1575,동대문
1576,동작
1577,노량진
1578,마포
1579,홍익대학교
1580,서대문
1581,남부터미널
1582,성동
1583,왕십리
1584,서울숲
1585,성북
1586,고려대학교
1587,종합운동장
1588,올림픽공원
1589,영등포시장
1590,용산
1591,신용산
1592,이태원
1593,광화문
1594,남대문시장
1595,광주
1596,구리
1597,남양주
1598,성남
1599,하남
1600,과천
1601,서울대공원
1602,광명
1603,군포
1604,부천
1605,시흥
1606,양평
1607,안산
1608,안양
1609,안양대학교
1610,수원
1611,안성
1612,중앙대학교
1613,용인
1614,강남대학교
1615,에버랜드
1616,용인대학교
1617,한국민속촌
1618,평택
1619,화성
1620,고양
1621,동두천
1622,양주
1623,연천
1624,파주
1625,포천
1626,가족
1627,전염
1628,운전면허갱신
1629,차량점검
1630,경주
1631,이모
1632,고모
1633,운전면허
1634,골키퍼
1635,구경
1636,성토
1637,권투
1638,그립다
1639,키우다
1640,힘
1641,꿈
1642,낚시
1643,남매
1644,운전면허정지
1645,노래
1646,놀다
1647,누나
1648,울보
1649,여동생
1650,상처
1651,견제하다
1652,견문
1653,딸
1654,유도
1655,아내
1656,마라톤
1657,장녀
1658,원한
1659,썩다
1660,바쁘다
1661,남편
1662,버릇
1663,병
1664,밥
1665,부부
1666,붓다
1667,빗
1668,생활
1669,성공
1670,세수
1671,수영
1672,승부차기
1673,시아버지
1674,망신
1675,시집
1676,뚫다
1677,면박
1678,야구
1679,피곤
1680,양치
1681,오빠
1682,출장
1683,이사
1684,들추어내다
1685,아들딸
1686,자살
1687,8번째
1688,맏형
1689,테니스
1690,할머니
1691,할아버지
1692,조상
1693,조카
1694,연기
1695,치매
1696,탈
1697,형
1698,환자
1699,시작
1700,밖
1701,먹칠하다
1702,시험
1703,고백
1704,관계
1705,논란
1706,교제
1707,구걸
1708,부탁
1709,글
1710,대기
1711,회사
1712,거슬리다
1713,단어
1714,심부름
1715,상담
1716,다리
1717,창피하다
1718,달서구주민지원센터
1719,동구지부
1720,동구수어통역센터
1721,동구주민지원센터
1722,수성구지부
1723,수성구수어통역센터
1724,수성구주민지원센터
1725,인천광역시농아인협회
1726,강화군지부
1727,강화군수어통역센터
1728,강화군주민지원센터
1729,연수구지부
1730,연수구수어통역센터
1731,연수구주민지원센터
1732,대전농아인협회
1733,대덕구지부
1734,대덕수어통역센터
1735,대덕구주민지원센터
1736,유성구지부
1737,유성구수어통역센터
1738,유성구주민지원센터
1739,광주광역시농아인협회
1740,광산구지부
1741,광산구주민지원센터
1742,남구지부
1743,남구수어통역센터
1744,남구주민지원센터
1745,관계없다
1746,상관없다
1747,울산광역시농아인협회
1748,세종특별자치시농아인협회
1749,경기농아인협회
1750,가평군지부
1751,가평군수어통역센터
1752,가평군주민지원센터
1753,고양시지부
1754,고양시수어통역센터
1755,고양시청
1756,과천시지부
1757,과천시수어통역센터
1758,광명시지부
1759,광명시수어통역센터
1760,광명시청
1761,광주시지부
1762,광주시수어통역센터
1763,광주시청
1764,구리시지부
1765,구리시수어통역센터
1766,구리시청
1767,군포시지부
1768,군포시수어통역센터
1769,김포시지부
1770,김포시수어통역센터
1771,김포시청
1772,남양주시지부
1773,남양주시수어통역센터
1774,남양주시청
1775,동두천시지부
1776,동두천시수어통역센터
1777,동두천시청
1778,부천시지부
1779,부천시수어통역센터
1780,부천시청
1781,성남시지부
1782,성남시수어통역센터
1783,성남시청
1784,안성시지부
1785,안성시수어통역센터
1786,안성시청
1787,안양시지부
1788,안양시수어통역센터
1789,안양시청
1790,양주시지부
1791,양주시수어통역센터
1792,양주시청
1793,양평군지부
1794,양평군수어통역센터
1795,양평군주민지원센터
1796,여주시지부
1797,여주시수어통역센터
1798,여주시청
1799,연천군지부
1800,연천군수어통역센터
1801,연천군주민지원센터
1802,오산시지부
1803,오산시수어통역센터
1804,오산시시청
1805,하남시지부
1806,고성시수어통역센터
1807,양양군주민지원센터
1808,철원군지부
1809,철원군수어통역센터
1810,춘천시청
1811,한눈팔다
1812,화천군지부
1813,화천군주민지원센터
1814,단양군지부
1815,단양군수어통역센터
1816,단양군주민지원센터
1817,보은군수어통역센터
1818,영동군지부
1819,천안시수어통역센터
1820,천안시청
1821,공주시수어통역센터
1822,9번째
1823,10번째
1824,12번째
1825,논산시청
1826,보령수어통역센터
1827,서산시수어통역센터
1828,서천군주민지원센터
1829,아산시지부
1830,예산군지부
1831,청양군주민지원센터
1832,전북농아인협회
1833,고창군수어통역센터
1834,익산시지부
1835,빈털터리
1836,평가하다
1837,전주시지부
1838,고흥군지부
1839,곡성군지부
1840,곡성군수어통역센터
1841,곡성군주민지원센터
1842,무안군지부
1843,보성군수어통역센터
1844,보성군주민지원센터
1845,순천시지부
1846,영광군지부
1847,영광군수어통역센터
1848,영암군지부
1849,영암군수어통역센터
1850,불필요
1851,장흥군수어통역센터
1852,해남군지부
1853,해남군수어통역센터
1854,해남군주민지원센터
1855,경북농아인협회
1856,경산시수어통역센터
1857,경산시청
1858,경주시지부
1859,경주시수어통역센터
1860,경주시청
1861,구미시수어통역센터
1862,군위주민지원센터
1863,김천시지부
1864,김천시수어통역센터
1865,문경시지부
1866,문경시수어통역센터
1867,문경시청
1868,봉화군수어통역센터
1869,상주시수어통역센터
1870,상주시청
1871,안동시청
1872,영덕군수어통역센터
1873,영주시청
1874,영천시지부
1875,영천시수어통역센터
1876,영천시청
1877,예천군지부
1878,예천군수어통역센터
1879,울릉군수어통역센터
1880,울진군수어통역센터
1881,울진군주민지원센터
1882,의성군주민지원센터
1883,청송군수어통역센터
1884,칠곡군수어통역센터
1885,금시초문
1886,중도포기
1887,지식인
1888,충격
1889,며느리
1890,피해자
1891,사고력
1892,아름답다
1893,반드시
1894,한국인
1895,안색
1896,어른
1897,외동딸
1898,외아들
1899,조용하다
1900,집요
1901,청년
1902,청소년
1903,타인
1904,기민하다
1905,기지
1906,잔소리
1907,무산
1908,무념무상
1909,추측
1910,노인
1911,파헤치다
1912,지혜
1913,신문
1914,목마르다
1915,이력
1916,몸무게
1917,일반인
1918,특기
1919,발각
1920,성냥불
1921,구분
1922,간
1923,걸음걸이
1924,계획
1925,일부러
1926,고인
1927,동의
1928,새파래지다
1929,관광
1930,태만
1931,긍정적
1932,기발
1933,여행자
1934,가엾다
1935,아둔하다
1936,말솜씨
1937,사색
1938,체형
1939,무기력
1940,무분별
1941,미성년
1942,반성하다
1943,변화
1944,변천
1945,갑부
1946,불성실
1947,불친절
1948,사내
1949,성품
1950,소외감
1951,소지자
1952,솜씨
1953,솔직하다
1954,허약자
1955,엉뚱
1956,예견
1957,야망
1958,얼굴형
1959,울음소리
1960,웃음소리
1961,위
1962,욕망
1963,사욕
1964,인성
1965,인심
1966,인체
1967,가루약
1968,기초체조
1969,감염병
1970,중병
1971,선짓국
1972,햅쌀
1973,호떡
1974,잠기다
1975,고조할아버지
1976,노부모
1977,매형
1978,제부
1979,물놀이
1980,물약
1981,생계
1982,작은엄마
1983,도련님
1984,시어머니
1985,아주버님
1986,신부
1987,약효
1988,여드름
1989,운동장
1990,낙인
1991,작은할아버지
1992,장난감
1993,큰아버지
1994,큰언니
1995,형수
1996,공문
1997,월급
1998,기술자
1999,합심
2000,운전자
2001,일본어
2002,취업
2003,한글
2004,망각
2005,새털
2006,물다
2007,잊어버리다
2008,돋보이다
2009,빚더미
2010,벼락부자
2011,궁하다
2012,의욕
2013,교섭
2014,합의
2015,미진하다
2016,변제
2017,갑절
2018,권력
2019,착취
2020,값비싸다
2021,고수입
2022,계획적
2023,역력하다
2024,부합되다
2025,등지다
2026,가만히
2027,들러리
2028,각오
2029,위선자
2030,이기주의
2031,수다스럽다
2032,파악하다
2033,설득되다
2034,불복종
2035,임기응변
2036,변명
2037,일인다역
2038,책임지다
2039,명령
2040,막상막하
2041,불간섭
2042,작살내다
2043,당하다
2044,중립
2045,달성
2046,감히
2047,중독되다
2048,제법
2049,점등
2050,소등
2051,포항시지부
2052,포항시수화통역센터
2053,거창군수화통역센터
2054,고성군수화통역센터
2055,김해시지부
2056,김해시수화통역센터
2057,남해군수화통역센터
2058,밀양시지부
2059,밀양시수화통역센터
2060,사천시수화통역센터
2061,사천시청
2062,산청군지부
2063,산청군수화통역센터
2064,양산시지부
2065,양산시수화통역센터
2066,양산시청
2067,진주시수화통역센터
2068,진주시청
2069,창녕군지부
2070,창녕군수화통역센터
2071,마산시지부
2072,마산시수화통역센터
2073,창원시수화통역센터
2074,통영시지부
2075,통영시수화통역센터
2076,하동군지부
2077,하동군수화통역센터
2078,하동군주민지원센터
2079,제주특별자치도농아인협회
2080,서귀포시지부
2081,서귀포시수화통역센터
2082,서귀포시청
2083,제주시지부
2084,제주시수화통역센터
2085,제주시청
2086,대구광역시청
2087,대전광역시청
2088,인천광역시청
2089,광주광역시청
2090,울산광역시청
2091,세종특별자치시
2092,경기도청
2093,충남도청
2094,경남도청
2095,경북도청
2096,전남도청
2097,강원도청
2098,궁리
2099,통찰
2100,무소식
2101,소문내다
2102,신나다
2103,쌍용
2104,가소롭다
2105,네덜란드
2106,대만
2107,독도
2108,로마
2109,LA
2110,베트남
2111,벨기에
2112,브라질
2113,스웨덴
2114,싱가폴
2115,기절초풍
2116,우즈베키스탄
2117,유럽
2118,이란
2119,제주도
2120,골짜기
2121,황금
2122,달
2123,후지다
2124,먹구름
2125,바다
2126,낭패
2127,섬
2128,숲
2129,호수
2130,예고
2131,온도
2132,차다
2133,날
2134,일본
2135,몽골
2136,북한
2137,인도
2138,이스라엘
2139,필리핀
2140,황홀
2141,군산
2142,대구
2143,마산
2144,창원
2145,포항
2146,대전
2147,천안
2148,의정부
2149,눈썰미
2150,전주
2151,의성
2152,눈가림
2153,남원
2154,일
2155,삼
2156,사
2157,오
2158,육
2159,칠
2160,구
2161,십일
2162,십오
2163,십육
2164,이십사
2165,이십오
2166,삼십칠
2167,사십이
2168,사십사
2169,사십오
2170,사십육
2171,사십칠
2172,사십팔
2173,사십구
2174,오십
2175,오십일
2176,오십삼
2177,오십사
2178,오십오
2179,오십육
2180,오십칠
2181,오십팔
2182,오십구
2183,육십
2184,육십일
2185,육십사
2186,육십오
2187,육십육
2188,육십칠
2189,칠십일
2190,칠십이
2191,칠십사
2192,칠십육
2193,칠십칠
2194,칠십팔
2195,칠십구
2196,팔십
2197,팔십일
2198,팔십삼
2199,팔십사
2200,팔십오
2201,팔십육
2202,팔십칠
2203,팔십팔
2204,팔십구
2205,구십
2206,구십일
2207,구십이
2208,구십삼
2209,구십사
2210,구십오
2211,구십칠
2212,구십팔
2213,구십구
2214,백
2215,백삼
2216,"백오
"
2217,백육
2218,백칠
2219,백구
2220,백십
2221,백십일
2222,백십육
2223,백이십일
2224,백삼십육
2225,백사십이
2226,백사십사
2227,백사십오
2228,백사십칠
2229,백사십구
2230,백오십
2231,백오십일
2232,백오십이
2233,백오십삼
2234,백오십사
2235,백오십오
2236,백오십육
2237,백오십칠
2238,백오십팔
2239,백오십구
2240,백육십이
2241,백육십삼
2242,백육십육
2243,백육십칠
2244,백육십팔
2245,백육십구
2246,백칠십사
2247,백칠십육
2248,백칠십칠
2249,백팔십
2250,백팔십일
2251,백팔십오
2252,백팔십팔
2253,백팔십구
2254,백구십일
2255,백구십육
2256,백구십칠
2257,백구십팔
2258,백구십구
2259,오백
2260,오백오십
2261,팔백
2262,팔백오십
2263,구백
2264,천
2265,천오백
2266,이천오백
2267,사천
2268,오천
2269,오천오백
2270,육천
2271,육천오백
2272,칠천
2273,칠천오백
2274,팔천
2275,팔천오백
2276,구천
2277,구천오백
2278,만오천
2279,사만오천
2280,오만
2281,오만오천
2282,육만오천
2283,칠만
2284,칠만오천
2285,팔만오천
2286,구만오천
2287,사십만
2288,오십만
2289,오십오만
2290,육십만
2291,육십오만
2292,구십만
2293,백오십만
2294,오백오십만
2295,육백만
2296,육백오십만
2297,칠백만
2298,칠백오십만
2299,구백오십만
2300,천만
2301,천오백만
2302,이천오백만
2303,삼천오백만
2304,사천오백만
2305,오천만
2306,오천오백만
2307,육천오백만
2308,칠천만
2309,팔천오백만
2310,구천만
2311,구천오백만
2312,일억오천만
2313,사억오천만
2314,오억오천만
2315,육억
2316,육억오천만
2317,칠억
2318,팔억
2319,팔억오천만
2320,구억
2321,구억오천만
2322,십오억
2323,이십억
2324,이십오억
2325,삼십억
2326,삼십오억
2327,사십억
2328,사십오억
2329,오십억
2330,오십오억
2331,육십억
2332,육십오억
2333,칠십억
2334,칠십오억
2335,팔십억
2336,팔십오억
2337,구십억
2338,구십오억
2339,백억
2340,이백억
2341,삼백억
2342,사백억
2343,오백억
2344,육백억
2345,칠백억
2346,팔백억
2347,구백억
2348,일조
2349,모범
2350,철근
2351,결벽
2352,한명
2353,즐겁다
2354,비율
2355,중요
2356,책임자
2357,노화
2358,실토
2359,이중인격
2360,거제시수화통역센터
2361,구십육
2362,백칠십팔
2363,칠백
2364,칠억오천만
2365,ㄸ
2366,ㅆ
2367,음료수
2368,병명
2369,송아지
2370,가명
2371,가발
2372,가짜
2373,감옥살이
2374,보호
2375,강약
2376,강철
2377,개똥
2378,거목
2379,거역
2380,건장
2381,경비실
2382,불알
2383,공식발표
2384,맞추다
2385,공군본부
2386,공증
2387,과태료
2388,정밀검사
2389,광업
2390,강풍
2391,교가
2392,교모
2393,국기
2394,군가
2395,다섯번째
2396,군비행장
2397,그날
2398,기초확인
2399,금식
2400,금연
2401,금욕
2402,금주
2403,식도염
2404,길몽
2405,비좁다
2406,온실
2407,날쎄다
2408,비루
2409,쑥쓰럽다
2410,남성적
2411,능숙
2412,대모
2413,다복
2414,단명
2415,단문
2416,책임이사
2417,대교
2418,면적
2419,도자기기술
2420,자습
2421,동갑
2422,동메달
2423,주민센터
2424,생각못하다
2425,마스크
2426,마음에들다
2427,나무기둥
2428,말끼어들기
2429,무매력
2430,고급지다
2431,맷돌
2432,명예
2433,모범생
2434,무인상
2435,무통
2436,무허가
2437,상세검색
2438,묻다
2439,물총
2440,물통
2441,미군
2442,미납
2443,미행
2444,밀고
2445,밀거래단
2446,확답
2447,반역
2448,반장
2449,견습소
2450,배은
2451,출산증가
2452,베다
2453,병가
2454,병사
2455,혈서
2456,경로당
2457,장점
2458,목재
2459,참가자
2460,매일매일
2461,익숙
2462,광진구주민지원센터
2463,서초구지부
2464,성격
2465,애매하다
2466,결혼
2467,망가지다
2468,엄마
2469,자라다
2470,흩어지다
2471,광산구수어통역센터
2472,과천시청
2473,군포시청
2474,용인시지부
2475,용인시수어통역센터
2476,용인시청
2477,의왕시지부
2478,의왕시수어통역센터
2479,의왕시청
2480,의정부시지부
2481,의정부시수어통역센터
2482,의정부시청
2483,이천시지부
2484,이천시수어통역센터
2485,이천시청
2486,파주시지부
2487,파주시수어통역센터
2488,파주시청
2489,평택시지부
2490,평택시수어통역센터
2491,평택시청
2492,포천시지부
2493,포천시수어통역센터
2494,포천시청
2495,하남시수어통역센터
2496,하남시청
2497,화성시지부
2498,화성시수어통역센터
2499,화성시청
2500,강원도농아인협회
2501,강릉시지부
2502,강릉시수어통역센터
2503,강릉시청
2504,고성지부
2505,재미없다
2506,동해시지부
2507,동해시수어통역센터
2508,동해시청
2509,삼척시지부
2510,삼척시수어통역센터
2511,삼척시청
2512,속초시지부
2513,속초시수어통역센터
2514,속초시청
2515,양양군지부
2516,양양군수어통역센터
2517,영월군지부
2518,영월군수어통역센터
2519,영월군주민지원센터
2520,원주시지부
2521,원주시수어통역센터
2522,원주시청
2523,비다
2524,솜씨없다
2525,무소유
2526,철원군주민지원센터
2527,춘천시지부
2528,춘천시수어통역센터
2529,건성
2530,평창지부
2531,평창군수어통역센터
2532,평창군주민지원센터
2533,홍천군지부
2534,홍천군수어통역센터
2535,홍천군주민지원센터
2536,화천군수어통역센터
2537,횡성군지부
2538,횡성군수어통역센터
2539,횡성군주민지원센터
2540,충북농아인협회
2541,괴산군지부
2542,괴산군수어통역센터
2543,괴산군주민지원센터
2544,보은군지부
2545,보은군주민지원센터
2546,영동군수어통역센터
2547,영동군주민지원센터
2548,옥천군지부
2549,옥천군수어통역센터
2550,옥천군주민지원센터
2551,제천시지부
2552,제천시수어통역센터
2553,제천시청
2554,진천군지부
2555,진천군수어통역센터
2556,진천군주민지원센터
2557,청주시지부
2558,청주시수어통역센터
2559,청주시청
2560,충주시지부
2561,충주시수어통역센터
2562,충주시청
2563,충남농아인협회
2564,천안시지부
2565,공주시지부
2566,공주시청
2567,논산시지부
2568,논산시수어통역센터
2569,당진시지부
2570,당진시수어통역센터
2571,당진시청
2572,보령시지부
2573,보령시청
2574,부여군지부
2575,부여군수어통역센터
2576,부여군주민지원센터
2577,서산시지부
2578,서산시청
2579,서천군지부
2580,서천군수어통역센터
2581,아산시수어통역센터
2582,아산시청
2583,예산군수어통역센터
2584,예산군주민지원센터
2585,청양군지부
2586,청양군수어통역센터
2587,태안군지부
2588,태안군수어통역센터
2589,태안군주민지원센터
2590,홍성군지부
2591,홍성군수어통역센터
2592,홍성군주민지원센터
2593,고창군지부
2594,고창군주민지원센터
2595,군산시지부
2596,군산시수어통역센터
2597,김제시지부
2598,김제시수어통역센터
2599,김제시청
2600,남원시지부
2601,남원시청
2602,무주군지부
2603,무주군수어통역센터
2604,무주군주민지원센터
2605,부안군지부
2606,부안군수어통역센터
2607,부안군주민지원센터
2608,순창군지부
2609,완주군지부
2610,완주군수어통역센터
2611,완주군주민지원센터
2612,익산시수어통역센터
2613,익산시청
2614,임실군지부
2615,임실군수어통역센터
2616,임실군주민지원센터
2617,전주시수어통역센터
2618,전주시청
2619,전남농아인협회
2620,강진군지부
2621,강진군수어통역센터
2622,강진군주민지원센터
2623,고흥군수어통역센터
2624,고흥군주민지원센터
2625,광양군지부
2626,광양군수어통역센터
2627,광양군주민지원센터
2628,나주시지부
2629,나주시수어통역센터
2630,나주시청
2631,목포시지부
2632,목포시수어통역센터
2633,목포시청
2634,무안군수어통역센터
2635,무안군주민지원센터
2636,보성군지부
2637,순천시수어통역센터
2638,순천시청
2639,신안군지부
2640,신안군수어통역센터
2641,신안군주민지원센터
2642,여수시지부
2643,여수시수어통역센터
2644,여수시청
2645,영광군주민지원센터
2646,영암군주민지원센터
2647,하는수없다
2648,맛없다
2649,장흥군지부
2650,장흥군주민지원센터
2651,진도군지부
2652,진도군수어통역센터
2653,진도군주민지원센터
2654,경산시지부
2655,고령군지부
2656,고령군수어통역센터
2657,고령군주민지원센터
2658,구미시지부
2659,구미시청
2660,군위군지부
2661,군위군수어통역센터
2662,봉화군지부
2663,봉화군주민지원센터
2664,상주시지부
2665,성주시지부
2666,성주시수어통역센터
2667,성주시청
2668,안동시지부
2669,안동시수어통역센터
2670,영덕군지부
2671,영덕군주민지원센터
2672,영양군지부
2673,영양군수어통역센터
2674,영양군주민지원센터
2675,영주시수어통역센터
2676,예천군주민지원센터
2677,울릉군지부
2678,울릉군주민지원센터
2679,울진군지부
2680,의성군지부
2681,의성군수어통역센터
2682,청도군지부
2683,청도군수어통역센터
2684,청도군주민지원센터
2685,청송군지부
2686,청송군주민지원센터
2687,칠곡군지부
2688,칠곡군주민지원센터
2689,존경하다
2690,본성
2691,결혼식
2692,노고
2693,여리다
2694,구화
2695,노년기
2696,수상
2697,검술
2698,돌보다
2699,친모
2700,친부
2701,생일
2702,작은아빠
2703,신혼
2704,염색
2705,긴가민가
2706,미심쩍다
2707,외할머니
2708,외할아버지
2709,발인
2710,장모
2711,장인어른
2712,처남
2713,처형
2714,알맞다
2715,큰어머니
2716,큰형
2717,환갑
2718,회생
2719,용돈
2720,고리타분
2721,반납
2722,사무실
2723,직원
2724,사장
2725,책무
2726,사업
2727,일터
2728,전근
2729,경비
2730,구인
2731,문득
2732,한국어
2733,화가
2734,깜빡하다
2735,욕구
2736,재벌
2737,질색
2738,거절
2739,무자격
2740,상상하다
2741,헛수고
2742,미달성
2743,분주하다
2744,일확천금
2745,혈안
2746,조종하다
2747,마지못하다
2748,사교
2749,물론
2750,유명하다
2751,매료되다
2752,그렇다
2753,무경험
2754,결코
2755,어차피
2756,기회주의
2757,넘기다
2758,빈말
2759,양다리
2760,고질적
2761,막말
2762,아첨
2763,놀리다
2764,마이동풍
2765,팔랑귀
2766,어림없다
2767,내버려두다
2768,비등하다
2769,벗어나다
2770,전멸
2771,만만하다
2772,기대다
2773,괴팍하다
2774,달인
2775,대단하다
2776,부부싸움
2777,멍청하다
2778,원활
2779,엄청나다
2780,포항시청
2781,거제시청
2782,거창군지부
2783,거창군주민지원센터
2784,고성군지부
2785,고성군주민지원센터
2786,김해시청
2787,남해군지부
2788,남해군주민지원센터
2789,밀양시청
2790,사천시지부
2791,산청군주민지원센터
2792,진주시지부
2793,창녕군주민지원센터
2794,창원시지부
2795,창원시청
2796,통영시청
2797,함안군지부
2798,함안군수화통역센터
2799,함안군주민지원센터
2800,제주도청
2801,충북도청
2802,전북도청
2803,해내다
2804,현대
2805,꼴사납다
2806,광기
2807,노르웨이
2808,시시하다
2809,독일
2810,불가리
2811,짜증내다
2812,이집트
2813,중국
2814,캄보디아
2815,아프리카
2816,못마땅하다
2817,역겹다
2818,강물
2819,석유
2820,돌
2821,흙
2822,뜨겁다
2823,황토
2824,바람
2825,별
2826,비
2827,석탄
2828,철
2829,괴롭히다
2830,사계절
2831,상부
2832,아래
2833,수심
2834,햇빛
2835,홍수
2836,감나무
2837,기린
2838,꿀벌
2839,쌀벌레
2840,미국
2841,러시아
2842,살살
2843,못보았다
2844,영어
2845,홍콩
2846,이탈리아
2847,목포
2848,인천
2849,금산
2850,강원도
2851,태백
2852,여수
2853,적중하다
2854,아산
2855,원주
2856,주목
2857,삼척
2858,일산
2859,강릉
2860,영
2861,이
2862,십이
2863,십삼
2864,십사
2865,십칠
2866,십팔
2867,십구
2868,이십
2869,이십일
2870,이십이
2871,이십삼
2872,이십육
2873,이십칠
2874,이십팔
2875,이십구
2876,삼십
2877,삼십일
2878,삼십이
2879,삼십삼
2880,삼십사
2881,삼십오
2882,삼십육
2883,삼십팔
2884,삼십구
2885,사십
2886,사십일
2887,사십삼
2888,오십이
2889,육십이
2890,육십삼
2891,육십팔
2892,육십구
2893,칠십
2894,칠십삼
2895,칠십오
2896,팔십이
2897,백일
2898,백이
2899,"백사
"
2900,백팔
2901,백십이
2902,백십삼
2903,백십사
2904,백십오
2905,백십칠
2906,백십팔
2907,백십구
2908,백이십
2909,백이십이
2910,백이십삼
2911,백이십사
2912,백이십오
2913,백이십육
2914,백이십칠
2915,백이십팔
2916,백이십구
2917,백삼십
2918,백삼십일
2919,백삼십이
2920,백삼십삼
2921,백삼십사
2922,백삼십오
2923,백삼십칠
2924,백삼십팔
2925,백삼십구
2926,백사십
2927,백사십일
2928,백사십삼
2929,백사십육
2930,백사십팔
2931,백육십
2932,백육십일
2933,백육십사
2934,백육십오
2935,백칠십일
2936,백칠십이
2937,백칠십삼
2938,백칠십오
2939,백칠십구
2940,백팔십이
2941,백팔십삼
2942,백팔십사
2943,백팔십육
2944,백팔십칠
2945,백구십
2946,백구십이
2947,백구십삼
2948,백구십사
2949,백구십오
2950,이백
2951,이백십
2952,이백이십
2953,이백삼십
2954,이백사십
2955,이백오십
2956,이백육십
2957,이백칠십
2958,이백팔십
2959,이백구십
2960,삼백
2961,삼백십
2962,삼백이십
2963,삼백삼십
2964,삼백사십
2965,삼백오십
2966,삼백육십
2967,삼백칠십
2968,삼백팔십
2969,삼백구십
2970,사백
2971,사백오십
2972,육백
2973,육백오십
2974,칠백오십
2975,구백오십
2976,삼천
2977,삼천오백
2978,사천오백
2979,만
2980,이만
2981,이만오천
2982,삼만
2983,삼만오천
2984,사만
2985,육만
2986,팔만
2987,구만
2988,십만
2989,십오만
2990,이십만
2991,이십오만
2992,삼십만
2993,삼십오만
2994,사십오만
2995,칠십만
2996,칠십오만
2997,팔십만
2998,팔십오만
2999,구십오만
3000,백만
3001,이백만
3002,이백오십만
3003,삼백만
3004,삼백오십만
3005,사백만
3006,사백오십만
3007,오백만
3008,팔백만
3009,팔백오십만
3010,구백만
3011,삼천만
3012,사천만
3013,육천만
3014,칠천오백만
3015,팔천만
3016,일억
3017,이억
3018,이억오천만
3019,삼억
3020,삼억오천만
3021,사억
3022,오억
3023,영주시지부
3024,거제시지부
3025,백칠십
3026,이천만
3027,서약서
3028,길일
3029,별미
3030,군책
3031,보이스카우트
3032,부동산
3033,부고
3034,투쟁
3035,여섯번째
3036,가쁘다
3037,호명
3038,비닐하우스
3039,자비없다
3040,형제지간
3041,겉모습
3042,친가족
3043,사인
3044,혈액형
3045,부채질
3046,새
3047,새똥
3048,새집
3049,색맹
3050,색연필
3051,벨트
3052,편견
3053,연설
3054,제사
3055,성조기
3056,거저먹다
3057,N
3058,4
3059,5
3060,6
3061,7
3062,8
3063,9
3064,10
3065,11
3066,1호선
3067,2호선
3068,3호선
3069,4호선
3070,5호선
3071,6호선
3072,7호선
3073,8호선
3074,9호선
3075,1명
3076,3명
3077,4명
3078,5명
3079,6명
3080,7명
3081,8명
3082,9명
3083,10명
3084,6살
3085,13살
3086,18살
3087,24살
3088,65살
3089,둘째
3090,셋째
3091,넷째
3092,다섯째
3093,여섯째
3094,일곱째
3095,여덞째
3096,하옵째
3097,열째
3098,2회
3099,3회
3100,4회
3101,5회
3102,6회
3103,7회
3104,8회
3105,9회
3106,10회
3107,44회
3108,60회
3109,1분
3110,2분
3111,3분
3112,4분
3113,6분
3114,7분
3115,8분
3116,9분
3117,11분
3118,12분
3119,13분
3120,14분
3121,15분
3122,16분
3123,17분
3124,18분
3125,19분
3126,20분
3127,21분
3128,22분
3129,23분
3130,24분
3131,25분
3132,26분
3133,27분
3134,28분
3135,29분
3136,30분
3137,31분
3138,32분
3139,33분
3140,34분
3141,35분
3142,36분
3143,37분
3144,38분
3145,39분
3146,41분
3147,42분
3148,43분
3149,44분
3150,45분
3151,46분
3152,47분
3153,48분
3154,49분
3155,51분
3156,52분
3157,53분
3158,54분
3159,55분
3160,56분
3161,57분
3162,58분
3163,59분
3164,60분
3165,2시
3166,4시
3167,5시
3168,6시
3169,7시
3170,8시
3171,9시
3172,10시
3173,11시
3174,2시간
3175,3시간
3176,4시간
3177,5시간
3178,6시간
3179,7시간
3180,8시간
3181,9시간
3182,10시간
3183,11시간
3184,12시간
3185,1일
3186,2일
3187,3일
3188,4일
3189,5일
3190,6일
3191,7일
3192,1월
3193,2월
3194,3월
3195,4월
3196,5월
3197,6월
3198,7월
3199,8월
3200,9월
3201,10월
3202,11월
3203,12월
3204,1달
3205,2달
3206,3달
3207,4달
3208,5달
3209,6달
3210,7달
3211,8달
3212,9달
3213,10달
3214,11달
3215,12달
3216,1년
3217,2년
3218,3년
3219,4년
3220,5년
3221,6년
3222,7년
3223,8년
3224,9년
3225,10년
3226,11년
3227,12년
3228,4km
3229,5km
3230,8km
3231,10km
3232,30km
3233,50km
3234,6시15분
3235,7시2분
3236,1250
3237,1350
3238,55000
3239,102900
3240,3300
3241,3800
3242,4600
3243,2
3244,2명
